{"name": "M270-35A",
 "desc": "for demo purposes only",
 "ctype": 1,
 "fillfac": 1.0,
 "fo": 50.0,
 "Bo": 1.5,
 "ch": 0.0,
 "ch_freq": 1.0,
 "cw": 3.0,
 "cw_freq": 1.45,
 "b_coeff": 1.85,
 "rho": 7.65,
 "fe_sat_mag": 2.15,
 "curve": [{
     "hi": [0.0, 10.0, 20.0, 30.0, 40.0, 50.0, 60.0,
            70.0, 80.0, 90.0, 100.0, 200.0, 300.0, 400.0,
            500.0, 600.0, 700.0, 800.0, 900.0, 1000.0, 2000.0,
            3000.0, 4000.0, 5000.0, 6000.0, 7000.0, 8000.0,
            9000.0, 10000.0, 20000.0, 30000.0, 40000.0, 50000.0,
            60000.0, 70000.0, 80000.0, 90000.0, 100000.0, 200000.0,
            500000.0],
     "bi": [0.0, 0.10174000263214111, 0.2011370062828064,
            0.29615598917007446, 0.38528698682785034, 0.4676159918308258,
            0.5427759885787964, 0.6108270287513733, 0.6721190214157104,
            0.7271659970283508, 0.7765570282936096, 1.0706720352172852,
            1.19780695438385, 1.2671619653701782, 1.3110430240631104,
            1.3416420221328735, 1.3644800186157227, 1.382403016090393,
            1.3970229625701904, 1.4093159437179565, 1.4805519580841064,
            1.5231300592422485, 1.558081030845642, 1.589516043663025,
            1.6187200546264648, 1.646183967590332, 1.672116994857788,
            1.6966110467910767, 1.7197109460830688, 1.8815209865570068,
            1.9547009468078613, 1.9886070489883423, 2.0083839893341064,
            2.023422956466675, 2.0368940830230713, 2.049838066101074,
            2.062593936920166, 2.0752789974212646, 2.2013800144195557,
            2.5786280632019043],
     "angle": 0.0}]
}
