{"name": "M330-35A",
 "desc": "for demo purposes only",
 "ctype": 1,
 "fillfac": 1.0,
 "fo": 50.0,
 "Bo": 1.5,
 "ch": 0.0,
 "ch_freq": 0.0,
 "cw": 3.25,
 "cw_freq": 1.44,
 "b_coeff": 1.82,
 "rho": 7.65,
 "fe_sat_mag": 1.85325241,
 "curve": [{
     "hi": [0.0, 10.0, 20.0, 30.0, 40.0, 50.0, 60.0, 70.0,
            80.0, 90.0, 100.0, 200.0, 300.0, 400.0, 500.0,
            600.0, 700.0, 800.0, 900.0, 1000.0, 2000.0,
            3000.0, 4000.0, 5000.0, 6000.0, 7000.0, 8000.0,
            9000.0, 10000.0, 20000.0, 30000.0, 40000.0,
            50000.0, 60000.0, 70000.0, 80000.0, 90000.0,
            100000.0, 200000.0, 500000.0],
     "bi": [0.0, 0.07722435891628265, 0.15325646102428436,
            0.2270091325044632, 0.29758957028388977, 0.3643421232700348,
            0.4268576204776764, 0.4849509298801422, 0.5386165380477905,
            0.5879855155944824, 0.6332783699035645, 0.9237410426139832,
            1.0597389936447144, 1.1359325647354126, 1.1846184730529785,
            1.2186754941940308, 1.2440956830978394, 1.264011025428772,
            1.280210256576538, 1.293785810470581, 1.3710200786590576,
            1.4157471656799316, 1.4518680572509766, 1.484082818031311,
            1.5138740539550781, 1.5418201684951782, 1.5681712627410889,
            1.5930418968200684, 1.6164904832839966, 1.7810873985290527,
            1.8559958934783936, 1.8907582759857178, 1.9109141826629639,
            1.9261165857315063, 1.9396638870239258, 1.9526455402374268,
            1.9654245376586914, 1.9781244993209839, 2.1042869091033936,
            2.4815709590911865],
     "angle": 0.0}]}
