{"name": "M530_50A",
 "desc": "for demo purposes only",
 "ctype": 1,
 "fillfac": 1.0,
 "fo": 50.0,
 "Bo": 1.5,
 "ch": 0.0,
 "ch_freq": 1,
 "cw": 3.0,
 "cw_freq": 1.45,
 "rho": 7.54,
 "fe_sat_mag": 2.0,
 "curve": [{
     "hi": [0.0, 10.0, 20.0, 30.0, 40.0, 50.0, 60.0, 70.0,
            80.0, 90.0, 100.0, 200.0, 300.0, 400.0, 500.0,
            600.0, 700.0, 800.0, 900.0, 1000.0, 2000.0, 3000.0,
            4000.0, 5000.0, 6000.0, 7000.0, 8000.0, 9000.0,
            10000.0, 20000.0, 30000.0, 40000.0, 50000.0, 60000.0,
            70000.0, 80000.0, 90000.0, 100000.0, 200000.0, 500000.0],
     "bi": [0.0, 0.060812, 0.121207,
            0.180751, 0.239071, 0.295837, 0.350773, 0.403664,
            0.454353, 0.502741, 0.548778, 0.890678, 1.082872,
            1.198796, 1.274945, 1.328566, 1.368405,
            1.399268, 1.423987, 1.444324, 1.54869795,
            1.597807, 1.632702, 1.661675, 1.687457,
            1.711187, 1.733412, 1.754415, 1.774355, 1.926546,
            2.012048, 2.058275, 2.085491, 2.104347, 2.11966,
            2.133483, 2.146672, 2.1595831, 2.2862, 2.6637],
     "angle": 0.0}]}
