{"name": "M800-65A",
 "desc": "for demo purposes only",
 "ctype": 1,
 "fillfac": 1.0,
 "fo": 50.0,
 "Bo": 1.5,
 "ch": 0.0,
 "ch_freq": 1,
 "cw": 3,
 "cw_freq": 1.45,
 "b_coeff": 1.0,
 "rho": 7.65,
 "curve": [
     {"hi": [0.0, 10.0, 20.0, 30.0, 40.0, 50.0, 60.0, 70.0,
             80.0, 90.0, 100.0, 200.0, 300.0, 400.0, 500.0,
             600.0, 700.0, 800.0, 900.0, 1000.0, 2000.0,
             3000.0, 4000.0, 5000.0, 6000.0, 7000.0, 8000.0,
             9000.0, 10000.0, 20000.0, 30000.0, 40000.0, 50000.0,
             60000.0, 70000.0, 80000.0, 90000.0, 100000.0, 200000.0,
             500000.0],
      "bi": [0.0, 0.056587, 0.112851, 0.168478, 0.223178, 0.2766881, 0.328783,
             0.379275, 0.428017, 0.474904, 0.519865, 0.866555, 1.072363,
             1.2, 1.285121, 1.345424, 1.39036, 1.4252, 1.453078, 1.475977,
             1.591754, 1.644, 1.68, 1.71, 1.735142, 1.758716, 1.78075, 1.80158,
             1.82141, 1.9778, 2.0735, 2.129, 2.162473, 2.184886, 2.2021,
             2.2169, 2.2306, 2.243757, 2.37071, 2.7482841],
      "angle": 0.0}]
}
